CITY,2010,2011,2012,2013,2014,2015,2016,2017,2018,2019,2020,2021,2022,2023
Adelanto,31661,31864,31088,31206,32522,32961,33249,33952,34049,34049,38120,38222,37976,38187
Agoura Hills,20338,20475,20544,20591,20648,20740,20665,20572,20222,20222,20228,19795,19541,19474
Alameda,73946,74692,75637,76479,77509,78459,79091,79037,77624,77624,78109,76641,75637,75353
Albany,18539,18720,18957,19187,19434,19662,19713,20076,19696,19696,20225,19814,19349,19097
Alhambra,83160,83594,84120,84337,84786,84843,85221,84878,83750,83750,82652,81261,80323,79776
Aliso Viejo,47801,48474,49038,49538,49542,49499,50858,50982,50887,50887,52073,51509,50853,50263
Alturas,2832,2772,2719,2652,2636,2626,2589,2551,2563,2563,2709,2710,2700,2657
Amador City,182,182,181,180,182,186,188,189,190,190,200,204,204,204
American Canyon,19633,19839,20011,20224,20285,20317,20268,20055,20475,20475,21799,21810,21611,21347
Anaheim,336760,339831,342071,343832,344604,348251,350013,350476,350365,350365,346658,345039,342777,340512
Anderson,9976,10024,10061,10123,10188,10179,10193,10369,10630,10630,11330,11362,11272,11210
Angels,3801,3774,3744,3731,3735,3755,3849,3881,3956,3956,3666,3738,3758,3752
Antioch,103080,104193,105565,107351,109071,110308,111088,111494,111502,111502,115379,115494,115780,117096
Apple Valley Town,69307,70025,70381,70706,71141,71747,72262,72871,73453,73453,75858,75840,75345,75036
Arcadia,56322,56594,56801,57215,57513,57835,58238,58374,57939,57939,56502,55497,54731,54157
Arcata,17681,17912,17875,17860,17869,17945,18100,18148,18431,18431,18790,17699,18578,19012
Arroyo Grande,17292,17355,17522,17696,17859,18027,18051,18057,17976,17976,18438,18506,18383,18243
Artesia,16519,16575,16630,16679,16755,16835,16826,16808,16601,16601,16338,16015,15772,15597
Arvin,19345,19676,20058,20260,20498,20741,20997,21124,21851,21851,19498,19529,19436,19364
Atascadero,28418,28585,28725,29000,29329,29910,30173,30316,30075,30075,29744,29761,29665,29700
Atherton Town,6915,6950,7023,7087,7127,7163,7234,7215,7137,7137,7171,6965,6850,6823
Atwater,28286,28527,28622,28712,28861,29048,29196,29270,29559,29559,31931,32166,32219,32052
Auburn,13345,13523,13611,13818,13878,13868,13919,13971,14195,14195,13780,13827,13744,13658
Avalon,3728,3742,3754,3761,3768,3769,3758,3743,3681,3681,3440,3364,3305,3261
Avenal,15278,15095,14858,14133,13257,13236,12434,12407,13496,13496,13456,12820,13252,14075
Azusa,46534,46722,47360,47889,48561,49502,49683,49799,49974,49974,50200,49242,48594,48272
Bakersfield,348987,353221,357312,362834,366954,371348,374699,377940,384145,384145,405280,409782,412269,413381
Baldwin Park,75421,75750,76183,76364,76375,76427,76219,75948,75251,75251,71944,70503,69455,68806
Banning,29723,29993,30219,30429,30612,30761,30963,31160,31221,31221,29826,30822,31220,31680
Barstow,22812,23020,23118,23301,23484,23689,23894,23981,23915,23915,25411,25362,25155,24964
Beaumont,37261,38514,39286,40337,41994,43479,45156,46848,51063,51063,53304,54489,55995,58463
Bell,35481,35640,35758,35847,35874,35892,35756,35596,35521,35521,33449,32736,32199,31864
Bellflower,76624,76939,77202,77404,77532,77794,77581,77326,76435,76435,78965,77350,76047,75122
Bell Gardens,42056,42211,42628,42706,42714,42743,42675,42489,42012,42012,39382,38548,37901,37467
Belmont,25870,26173,26509,26770,27013,27204,27177,27057,26941,26941,28258,27337,26834,26622
Belvedere,2073,2091,2106,2121,2134,2128,2123,2116,2104,2104,2127,2117,2080,2050
Benicia,27063,27190,27380,27578,27827,28029,28126,28255,28240,28240,27106,26916,26617,26429
Berkeley,112889,113968,115309,116944,118697,120749,121547,122164,121363,121363,124205,114647,118715,118962
Beverly Hills,33937,34077,34254,34308,34363,34386,34402,34242,33792,33792,32578,31881,31350,30974
Big Bear Lake,5047,5089,5112,5127,5159,5201,5232,5264,5279,5279,5047,5055,5032,5007
Biggs,1703,1693,1692,1689,1692,1690,1695,1706,1879,1879,1955,1935,1917,1921
Bishop,3872,3847,3837,3832,3815,3772,3728,3722,3747,3747,3823,3821,3782,3742
Blue Lake,1253,1246,1241,1238,1238,1248,1266,1263,1245,1245,1211,1207,1192,1172
Blythe,20569,20294,20659,19868,19268,19202,19786,19705,19682,19682,18013,17343,17367,18045
Bradbury,1047,1056,1062,1073,1073,1079,1075,1085,1070,1070,922,901,892,892
Brawley,25038,25226,25473,25519,25660,25728,26050,26217,26227,26227,26509,26735,27161,27849
Brea,39422,39828,40139,40906,41265,41693,42392,42574,43255,43255,47247,46873,47272,48479
Brentwood,51813,52716,53508,54916,56854,58796,60571,62265,64474,64474,64453,64827,64836,65126
Brisbane,4290,4345,4402,4453,4602,4712,4711,4702,4671,4671,4840,4675,4597,4577
Buellton,4855,4877,4921,4978,5036,5069,5097,5094,5102,5102,5160,5121,5051,4990
Buena Park,80792,81553,82045,82717,82621,82770,82988,82619,81788,81788,83859,83024,82366,81958
Burbank,103351,103732,104077,104355,104405,104472,104097,104174,102511,102511,107005,104925,103507,102755
Burlingame,28838,29261,29640,29928,30258,30458,30439,30588,30889,30889,31278,30200,29822,29910
Calabasas,23464,23742,23825,24041,24058,24102,24068,24047,23853,23853,23246,22918,22519,22227
Calexico,38661,38927,39147,39298,39550,39767,40028,40083,39825,39825,38582,38556,38311,38224
California City,13467,12834,13344,13202,13203,13202,13656,13884,14198,14198,15070,15041,15180,13802
Calimesa,7918,7997,8092,8201,8380,8493,8621,8807,9160,9160,10220,10890,11113,11165
Calipatria,7689,7684,7986,7083,7491,7391,7505,7539,7114,7114,6724,6506,6449,6188
Calistoga,5174,5204,5224,5256,5274,5285,5285,5241,5247,5247,5222,5177,5092,5058
Camarillo,65257,65515,65656,65882,66517,67171,67141,67403,69888,69888,70725,70568,69901,69514
Campbell,40669,41027,41519,41891,42256,42262,42303,42567,41793,41793,43784,42625,41975,41700
Canyon Lake,10599,10699,10783,10861,10945,11007,11095,11188,11280,11280,11084,11148,11111,11096
Capitola,9925,9968,10010,10066,10114,10166,10178,10152,10010,10010,9920,9830,9689,9572
Carlsbad,105674,107460,108948,110665,111609,112662,113265,114477,115382,115382,114924,114964,114275,113495
Carmel-By-The-Sea,3687,3716,3749,3780,3804,3821,3836,3822,3811,3811,3208,3185,3137,3104
Carpinteria,13013,13021,13144,13460,13565,13605,13598,13540,13385,13385,13244,13136,12977,12828
Carson,91599,91690,92162,92535,92684,92752,92572,92193,91394,91394,95388,93218,92113,91139
Cathedral City,51452,52077,52478,52846,53187,53516,53943,54413,55007,55007,51628,52313,52361,52356
Ceres,45901,46057,46263,46482,46918,47431,47985,48340,48706,48706,49279,49098,48677,48397
Cerritos,49042,49223,49384,49507,49532,49546,50346,50697,49859,49859,49399,48318,47445,46797
Chico,86783,87269,87915,88362,89491,90369,91564,93066,103301,103301,102755,100508,101758,101301
Chino,78644,79591,79949,80799,84296,85169,87468,89601,94371,94371,91038,91632,93055,93114
Chino Hills,74963,75639,76042,76285,76509,77826,78452,80115,83853,83853,78456,78381,77784,77212
Chowchilla,18718,18892,18049,17357,18843,18391,18179,18457,18310,18310,18816,18770,18750,19328
Chula Vista,244648,248318,252379,256691,259885,264206,266238,269046,274492,274492,275809,275774,274823,274333
Citrus Heights,83273,83781,84308,84924,85665,86543,87179,87675,87796,87796,87544,87244,86527,86239
Claremont,34899,35190,35281,35650,35715,35962,35889,35835,36266,36266,37187,36681,36017,35640
Clayton,10958,11148,11271,11481,11667,11840,12008,12127,12265,12265,11058,10980,10847,10754
Clearlake,15267,15139,15067,15015,15052,15101,15526,15532,15267,15267,16697,16773,16589,16481
Cloverdale,8621,8650,8665,8716,8754,8774,8781,8741,8656,8656,9014,8982,8871,8825
Clovis,96386,97557,98588,99631,101904,103828,106353,109316,114584,114584,120770,123337,124873,125826
Coachella,40984,41878,42571,42960,43885,44344,44785,45280,45743,45743,42008,42511,42904,43590
Coalinga,18330,18303,17055,16974,16647,16755,16827,16988,17179,17179,17624,17015,16911,17369
Colfax,1957,1975,1987,1996,2000,1994,1997,1999,2002,2002,1991,2028,2050,2050
Colma Town,1435,1451,1470,1484,1497,1505,1500,1493,1489,1489,1498,1445,1418,1407
Colton,52261,52712,52945,53105,53706,54291,54507,54680,54824,54824,53975,54098,53735,53357
Colusa,6229,6190,6190,6171,6126,6105,6156,6146,6060,6060,6413,6433,6451,6527
Commerce,12840,12887,12929,12960,12964,12963,12922,12862,12661,12661,12318,12048,11831,11672
Compton,96442,96933,97350,97600,97634,97639,97281,97047,95605,95605,95394,93327,91829,90986
Concord,122505,123518,124678,125888,127128,128303,129036,129592,129295,129295,125286,124452,123112,122315
Corcoran,24467,24133,23694,23350,22834,22516,22716,21820,21960,21960,22708,22624,22881,22044
Corning,7676,7643,7612,7550,7516,7531,7546,7582,7710,7710,8217,8170,8140,8069
Corona,153052,154693,157405,158763,160419,163154,166067,167310,169868,169868,157468,159433,159803,160238
Coronado,23961,23336,23194,23347,23549,23682,25084,24323,23731,23731,18150,19046,18360,18437
Corte Madera Town,9273,9350,9386,9469,9908,9899,9864,9820,9751,9751,10209,10161,10016,9947
Costa Mesa,110221,111151,111790,112244,112485,112808,112933,113665,113003,113003,111781,110789,109548,108354
Cotati,7273,7303,7320,7375,7411,7427,7443,7451,7410,7410,7590,7535,7449,7430
Covina,47785,47963,48211,48350,48538,48569,48393,48178,47450,47450,51170,50222,49353,48728
Crescent City,7596,7517,7393,7169,6780,6767,6644,6386,6787,6787,6516,6184,6018,5611
Cudahy,23809,23901,23987,24050,24070,24111,24039,23934,23569,23569,22719,22232,21905,21723
Culver City,38888,39024,39208,39312,39329,39369,39231,39024,39185,39185,40666,39983,39444,39041
Cupertino,58689,59172,59769,60198,60592,60519,60900,60588,59276,59276,60111,58515,57661,57285
Cypress,47957,48399,48677,48971,48936,48994,48813,48835,49006,49006,50047,49594,49175,48782
Daly City,101262,102460,103915,104980,105887,106538,106882,106733,106280,106280,104858,101856,100329,99833
Dana Point,33336,33634,33830,33962,33927,33968,33931,33768,33577,33577,33057,32815,32647,32567
Danville Town,41987,42379,42801,43262,43817,44311,44715,44727,44510,44510,43560,43523,43253,42999
Davis,65584,65657,65781,66213,66545,67367,68028,68802,69413,69413,66897,67171,66747,65832
Delano,53130,53620,52403,52331,52447,52495,52568,52877,53573,53573,49860,50856,51627,51500
Del Mar,4173,4202,4236,4273,4299,4330,4348,4340,4319,4319,3945,3913,3883,3867
Del Rey Oaks,1628,1640,1655,1664,1670,1674,1679,1672,1654,1654,1590,1582,1564,1550
Desert Hot Springs,27172,27422,27628,27817,28008,28145,28397,28648,28878,28878,32523,32871,33098,33438
Diamond Bar,55588,55854,56087,56233,56279,56429,56581,56334,55720,55720,54886,53711,52744,52041
Dinuba,21570,22606,22809,23233,23528,23554,23875,23903,24461,24461,24794,25346,25578,25863
Dixon,18431,18490,18619,18931,19098,19299,19766,20138,20698,20698,19032,19143,19178,19309
Dorris,941,930,915,902,900,903,902,903,897,897,861,863,850,832
Dos Palos,4962,5003,5017,5026,5046,5084,5217,5407,5527,5527,5785,5786,5758,5708
Downey,111785,112215,112582,112858,113091,113260,112896,112426,111126,111126,113964,111634,109932,108816
Duarte,21348,21425,21601,21646,21808,21809,21725,21624,21271,21271,21666,21242,21723,23131
Dublin,45903,46804,48700,52027,54554,57545,59579,60797,64826,64826,72311,70830,69842,69128
Dunsmuir,1640,1619,1595,1572,1567,1571,1571,1572,1564,1564,1702,1707,1680,1642
East Palo Alto,28222,28551,28926,29212,29482,29661,29811,29671,29314,29314,29948,28913,28400,28216
Eastvale,54054,54966,55627,56247,57386,59231,60670,62309,64157,64157,70041,70989,70724,70510
El Cajon,99823,100795,101537,102303,102789,103230,103527,103468,102708,102708,106075,105198,104042,102991
El Centro,42678,42977,43023,43316,43496,43655,44028,44114,44079,44079,44444,44307,43907,43772
El Cerrito,23644,23845,24074,24323,24551,24902,25458,25468,25508,25508,25941,25899,25724,25552
Elk Grove,153375,155615,158083,160251,162701,165997,169156,171425,174775,174775,176569,177964,178009,178444
El Monte,113677,114101,114843,115414,115627,115824,115550,115514,115487,115487,109087,106841,105052,103794
El Paso De Robles (Paso Robles),29786,30076,30399,30718,31108,31346,31722,31772,32153,32153,31484,31534,31316,31134
El Segundo,16656,16719,16796,16855,16900,16891,16835,16752,16610,16610,17216,16869,16607,16445
Emeryville,10125,10222,10358,10878,11311,11765,11792,11751,12086,12086,12918,12742,12632,12732
Encinitas,59684,60264,60890,61555,62023,62590,62921,62884,62709,62709,61997,61740,61281,60841
Escalon,7135,7190,7215,7216,7343,7474,7501,7550,7574,7574,7469,7463,7410,7355
Escondido,144440,146099,147570,148794,149708,150683,151204,151220,151625,151625,151014,150169,149034,148122
Etna,736,730,724,714,712,711,713,716,718,718,676,677,667,653
Eureka,27201,27161,26931,26895,26874,26902,27153,27126,26710,26710,26496,26367,26109,25734
Exeter,10341,10375,10420,10458,10490,10486,10477,10502,10485,10485,10324,10318,10254,10206
Fairfax Town,7450,7512,7545,7609,7631,7624,7602,7568,7522,7522,7586,7563,7465,7417
Fairfield,105598,106245,107497,109137,110727,112365,114456,115817,117133,117133,119833,119957,119957,120768
Farmersville,10585,10594,10639,10680,10711,10710,10702,10726,10703,10703,10397,10365,10291,10243
Ferndale,1374,1379,1367,1362,1363,1364,1371,1372,1352,1352,1399,1399,1395,1389
Fillmore,15013,15076,15117,15226,15324,15444,15557,15703,15870,15870,16499,16582,16690,17190
Firebaugh,7601,7764,7894,8053,8259,8276,8290,8294,8296,8296,8109,8297,8475,8547
Folsom,72110,72542,73042,72782,74950,75935,76999,77798,81328,81328,80804,81689,83241,84782
Fontana,197317,199880,201212,202670,203972,206163,208718,211122,214547,214547,209177,212489,214317,215465
Fort Bragg,7307,7277,7279,7268,7283,7277,7291,7308,7291,7291,6975,7052,7010,6919
Fort Jones,710,704,694,686,684,683,685,690,692,692,697,698,688,673
Fortuna,12048,12028,11927,11891,11973,12057,12199,12277,12259,12259,12496,12469,12390,12285
Foster City,30609,30965,32098,32416,32698,33470,34279,34292,33901,33901,33733,32735,32299,32180
Fountain Valley,55470,55950,56318,56601,56671,56643,56423,56051,55357,55357,56973,56397,55836,55468
Fowler,5665,5921,5929,5938,6028,6242,6353,6487,6790,6790,6750,6889,7054,7274
Fremont,214553,217391,221426,224796,228274,231687,233478,234544,241110,241110,230430,227953,226305,226208
Fresno,497769,501429,505414,508880,514100,518203,521426,525373,531576,531576,542710,544175,545253,545716
Fullerton,135291,136386,138103,138637,138840,139982,140454,139744,138632,138632,143267,140193,140390,139250
Galt,23739,24142,24274,24433,24760,25226,25619,26167,26536,26536,25652,25669,25626,25767
Gardena,58835,59114,59368,59788,59843,59946,59873,59871,59329,59329,60823,59633,58831,58377
Garden Grove,171181,172957,173809,174422,174423,174343,174571,173422,171644,171644,171863,170741,169398,168234
Gilroy,49006,49700,50718,51893,52538,53259,55369,57549,59032,59032,59398,58099,57759,58250
Glendale,191720,192656,193859,195318,198232,199197,200118,201804,199303,199303,195934,192153,189175,187050
Glendora,50376,50624,50795,51120,51065,51769,51882,51997,51544,51544,52408,51320,50489,49934
Goleta,30143,30176,30387,30639,30880,30963,30921,31098,30911,30911,32764,32738,32585,32665
Gonzales,8171,8230,8301,8349,8379,8402,8428,8396,8306,8306,8637,8565,8428,8327
Grand Terrace,12064,12155,12243,12301,12334,12387,12460,12557,12584,12584,13155,13145,13039,12939
Grass Valley,12876,12903,12820,12784,12840,12929,12927,12932,12817,12817,14087,14261,14138,14074
Greenfield,16414,16540,16682,16766,16826,17047,17361,17362,17516,17516,18951,19773,20526,20634
Gridley,6634,6605,6605,6603,6624,6617,6622,6636,7246,7246,7385,7348,7274,7269
Grover Beach,13176,13210,13307,13403,13464,13526,13586,13585,13459,13459,12701,12734,12644,12547
Guadalupe,7086,7091,7139,7191,7248,7279,7288,7319,7783,7783,8219,8538,8569,8622
Gustine,5534,5582,5601,5621,5649,5712,5801,5815,5882,5882,6138,6147,6131,6099
Half Moon Bay,11345,11501,11677,12054,12355,12657,12761,12840,12932,12932,11771,11379,11181,11105
Hanford,54463,54612,54524,54741,55086,55608,55663,56383,57703,57703,59135,59564,59600,59938
Hawaiian Gardens,14277,14329,14376,14419,14430,14461,14423,14356,14159,14159,14092,13796,13563,13396
Hawthorne,84295,84922,85359,85863,86740,87669,87685,87308,86068,86068,87784,85928,84433,83364
Hayward,144835,146935,149406,151753,154376,157999,159331,160324,159203,159203,162666,158375,156371,155675
Healdsburg,11309,11350,11392,11485,11613,11705,11806,11795,11845,11845,11346,11290,11171,11137
Hemet,79090,80226,81033,81718,82541,83305,84121,84809,85334,85334,89881,90708,91288,92368
Hercules,24147,24346,24571,24804,25038,25271,25416,25505,26276,26276,26117,26178,26174,26582
Hermosa Beach,19506,19570,19640,19674,19659,19688,19722,19590,19320,19320,19663,19228,18883,18641
Hesperia,90279,91168,91568,91777,92071,92653,93251,94473,95750,95750,99984,100463,100489,100633
Hidden Hills,1856,1869,1878,1891,1895,1908,1916,1910,1890,1890,1740,1723,1704,1685
Highland,53218,53671,53939,54150,54325,54553,54752,55198,55417,55417,57009,56926,56523,56202
Hillsborough Town,10859,11001,11131,11261,11379,11466,11490,11464,11387,11387,11363,11031,10896,10883
Hollister,34973,35304,35731,36184,36665,36960,37576,38377,40740,40740,41882,43364,44142,44658
Holtville,5961,6002,6007,6021,6251,6360,6418,6559,6621,6621,5597,5616,5605,5555
Hughson,6664,6714,6849,6988,7177,7319,7398,7467,7565,7565,7493,7524,7572,7683
Huntington Beach,191296,192995,194174,197107,199610,200653,200284,200938,199223,199223,198405,196427,194195,192129
Huntington Park,58125,58334,58524,58739,58908,58933,58701,58476,57509,57509,54701,53526,52591,51942
Huron,6752,6745,6754,6765,6779,6802,6924,7285,7281,7281,6405,6449,6424,6377
Imperial,14836,15190,15556,16111,16680,16943,17089,17432,18120,18120,20469,21163,21516,21591
Imperial Beach,26388,26617,26821,27031,27055,27259,27329,27278,27440,27440,26102,25907,25675,25458
Indian Wells,4982,5040,5088,5139,5193,5255,5324,5392,5470,5470,4783,4850,4856,4862
Indio,79665,81046,82250,83358,85127,86917,88196,89438,91765,91765,89320,90717,91672,93057
Industry,214,206,204,207,207,207,207,206,202,202,265,262,259,257
Inglewood,109658,110501,110866,110954,110840,110693,110271,109907,108151,108151,107393,105307,103847,102865
Ione,7748,7562,7318,6963,6972,6997,7031,7818,8568,8568,5141,5257,5325,5431
Irvine,213450,220303,229063,236057,247136,255382,265345,276000,287401,287401,308411,304258,312820,314621
Irwindale,1418,1416,1413,1413,1417,1421,1427,1452,1446,1446,1464,1453,1443,1426
Isleton,805,810,815,819,824,830,835,844,844,844,798,794,784,777
Jackson,4658,4624,4607,4596,4611,4660,4695,4734,4840,4840,4999,5070,5117,5132
Jurupa Valley,95590,97195,98350,99469,100080,101460,103240,105760,109527,109527,105356,106874,107113,107321
Kerman,13634,13877,14285,14299,14329,14412,14534,14860,15282,15282,16039,16429,16894,17238
King City,12902,13001,13119,13189,13482,13789,13830,13941,14077,14077,13352,13372,13503,13917
Kingsburg,11464,11556,11636,11698,11727,11800,11831,12013,12108,12108,12419,12512,12677,13013
La Ca√±ada Flintridge,20258,20348,20417,20470,20451,20428,20397,20297,20009,20009,20497,20048,19726,19538
Lafayette,23873,24288,24570,25024,25423,25790,26153,26388,26638,26638,25392,25298,25112,25048
Laguna Beach,22765,22976,23098,23213,23214,23232,23165,23045,22827,22827,22997,22783,22547,22332
Laguna Hills,30713,30983,31146,31260,31215,31973,31849,31631,31207,31207,31311,30968,30591,30243
Laguna Niguel,63119,63774,64134,64381,65079,65396,65145,66011,66385,66385,64536,64433,63635,62899
Laguna Woods,16012,16148,16233,16290,16264,16251,16184,16068,15850,15850,17617,17418,17199,16998
La Habra,59108,59658,59970,60224,60421,60473,60292,60898,60513,60513,63002,62318,61607,60991
La Habra Heights,6540,6573,6606,6622,6628,6639,6616,6590,6492,6492,5664,5544,5443,5368
Lake Elsinore,53627,55078,56044,57711,60111,61955,63807,66066,69283,69283,70563,72194,72783,73028
Lake Forest,77552,78299,78727,79112,79678,81964,83019,83878,85531,85531,85927,85970,85923,85840
Lakeport,4757,4717,4683,4753,4765,4780,4909,4909,5006,5006,5031,5127,5154,5135
Lakewood,80079,80413,80672,80883,80927,80951,80895,80510,79307,79307,82224,80485,79108,78135
La Mesa,57149,57644,58099,58556,58855,59697,59751,59722,59249,59249,61097,60836,60605,60537
La Mirada,48535,48702,48851,48961,49019,49129,49054,48827,48183,48183,47831,46934,46119,45505
Lancaster,156824,158078,158253,159055,159634,159813,159633,159434,157601,157601,173094,170000,167815,166236
La Palma,15545,15676,15757,15846,15819,15806,15739,15644,15428,15428,15560,15390,15203,15029
La Puente,39843,40032,40166,40305,40367,40412,40250,40078,39614,39614,37931,37289,36863,36516
La Quinta,37670,38142,38494,39119,39742,40209,40777,41180,41748,41748,37749,38231,38521,39081
Larkspur,11920,12022,12075,12185,12286,12383,12362,12316,12254,12254,13029,12959,12739,12589
Lathrop,17695,18313,18615,19120,19506,20287,21564,22221,24483,24483,29096,31322,35080,39857
La Verne,31103,31231,31349,31659,32240,32442,32350,32258,31974,31974,31472,30802,30274,29898
Lawndale,32775,32902,33019,33108,33141,33157,33033,32875,32389,32389,31734,31074,30531,30155
Lemon Grove,25380,25603,25934,26116,26404,26554,26766,26963,26811,26811,27602,27388,27353,27569
Lemoore,24537,24467,24614,24826,25010,25452,25666,26262,26725,26725,27121,27312,27067,26809
Lincoln,43099,43771,44240,45018,45727,46286,46965,47525,48275,48275,49970,51333,52825,54538
Lindsay,11772,12659,12771,12938,13107,13147,13213,13249,13463,13463,12638,12624,12551,12496
Live Oak,8465,8550,8361,8373,8383,8411,8707,8724,8912,8912,9131,9265,9366,9443
Livermore,81599,82589,83831,85448,87017,88248,89572,90137,90189,90189,87875,86048,84111,82908
Livingston,13068,13366,13416,13460,13722,13810,13916,14085,14896,14896,14225,14573,14718,14643
Lodi,62253,62741,63048,63128,63620,64264,64578,65715,67586,67586,66438,67181,67559,67679
Loma Linda,23368,23533,23632,23691,23749,23952,24091,24132,24482,24482,24887,25143,25126,25111
Lomita,20263,20364,20490,20597,20619,20659,20629,20576,20320,20320,20868,20415,20048,19782
Lompoc,42322,42188,43075,43384,43870,43916,43537,43274,42853,42853,44402,43372,43851,43045
Long Beach,462431,464512,466873,468000,469109,470128,468719,466646,462628,462628,465585,455449,452931,449468
Loomis Town,6435,6524,6579,6640,6687,6691,6747,6793,6866,6866,6832,6850,6813,6779
Los Alamitos,11391,11492,11560,11597,11631,11621,11587,11526,11399,11399,11770,11709,11751,11901
Los Altos,29091,29473,29813,30014,30277,30667,30728,30677,30089,30089,31350,30567,30151,29990
Los Altos Hills Town,8069,8148,8264,8345,8440,8468,8564,8561,8423,8423,8489,8295,8205,8189
Los Angeles,3795512,3820876,3851202,3881622,3909901,3938568,3963226,3975788,3979576,3979576,3895848,3832573,3822782,3820914
Los Banos,36070,36367,36495,36608,36820,37151,37461,38933,41036,41036,45687,46943,47956,48553
Los Gatos Town,29792,30123,30443,30722,30976,30970,30984,30914,30222,30222,33415,32571,32213,32216
Loyalton,761,732,722,714,701,704,696,707,702,702,737,753,735,728
Lynwood,69595,69661,70576,71146,71193,71397,70979,70685,69887,69887,66804,64809,63818,63234
Mcfarland,12723,12784,12362,12430,13577,13941,14484,14996,15506,15506,14173,14239,14149,14049
Madera,61603,61907,62382,62749,63230,63690,64187,64941,65860,65860,66522,67529,67594,68079
Malibu,12639,12691,12750,12807,12839,12865,12853,12817,11820,11820,10625,10446,10330,10277
Mammoth Lakes Town,8231,8284,8226,8058,8086,8045,8158,8182,8235,8235,7237,7291,7140,7187
Manhattan Beach,35123,35232,35345,35426,35461,35504,35608,35702,35183,35183,35383,34582,33891,33369
Manteca,67733,69244,70884,71761,73157,75088,76831,79079,83028,83028,84009,86393,88669,91059
Maricopa,1155,1162,1170,1178,1185,1187,1187,1191,1192,1192,1023,1025,1018,1009
Marina,19743,19876,20149,20269,20680,21071,21622,21986,22781,22781,22287,21989,22259,22833
Martinez,36157,36502,36825,37119,37473,38050,38325,38411,38297,38297,37195,36962,36563,36395
Marysville,12094,12097,12113,12154,12165,12154,12193,12351,12476,12476,12851,12704,12631,12674
Maywood,27381,27474,27543,27614,27628,27636,27536,27406,26973,26973,25041,24531,24124,23824
Mendota,11332,11501,11519,11512,11505,11526,11541,11543,11511,11511,12588,12577,12546,12530
Menifee,77929,79665,81026,83045,84522,86411,88057,90104,94756,94756,103228,107130,110378,113433
Menlo Park,32080,32450,32821,33013,33211,33389,33970,34184,34698,34698,33690,32566,31955,31690
Merced,79131,79705,80231,80703,81120,81775,82232,82589,83676,83676,86893,89954,92088,93692
Millbrae,21572,21847,22123,22480,22669,22803,22764,22649,22394,22394,23138,22346,22050,22087
Mill Valley,13921,14064,14157,14307,14379,14377,14351,14287,14259,14259,14201,14142,13928,13792
Milpitas,66729,67124,68862,69944,73560,77485,77829,77874,84196,84196,79792,77403,76882,77321
Mission Viejo,93225,94020,94627,96003,96622,96543,96149,95551,94381,94381,93457,92494,91515,90624
Modesto,203301,204017,205040,206075,207652,209245,211231,213000,215196,215196,218691,218827,218344,218915
Monrovia,36599,36744,36859,36992,37066,37153,37019,36846,36331,36331,38003,37636,37110,36768
Montague,1444,1431,1411,1395,1388,1388,1388,1396,1398,1398,1221,1225,1207,1182
Montclair,36743,37279,37440,37923,38212,38447,38784,39124,40083,40083,37941,38001,37754,37545
Montebello,62490,62903,63123,63279,63322,63379,63134,62823,61954,61954,62433,61175,60356,60015
Monterey,27908,28246,28750,28600,28549,28496,28568,28411,28178,28178,30111,29909,29511,29116
Monterey Park,60218,60460,60645,60796,60832,60908,60830,60668,59669,59669,60898,59596,58580,57877
Monte Sereno,3331,3360,3401,3442,3473,3489,3511,3514,3427,3427,3471,3410,3416,3459
Moorpark,34644,34906,35010,35136,35474,36000,36444,36561,36375,36375,36246,36022,35656,35543
Moraga Town,16057,16308,16476,16753,16993,17220,17441,17600,17783,17783,16880,16854,16680,16547
Moreno Valley,194240,196590,198214,200195,201831,202919,204711,206741,213055,213055,208868,211072,211648,212392
Morgan Hill,38071,38840,39490,41028,42074,42991,44430,44961,45952,45952,45685,45269,44678,44478
Morro Bay,10244,10281,10365,10447,10498,10578,10612,10603,10543,10543,10762,10788,10688,10589
Mountain View,74236,75108,76507,77955,79150,80345,80821,81189,82739,82739,82766,82262,81853,81785
Mount Shasta,3390,3352,3311,3263,3271,3274,3270,3286,3274,3274,3219,3232,3207,3179
Murrieta,104229,105370,106509,107361,108037,109372,111492,112995,116223,116223,111146,112278,112076,111878
Napa,77185,77679,78168,78728,79384,79636,79616,79083,78130,78130,79334,79173,78092,77492
National City,58624,59042,59369,59776,60132,60721,60967,61083,61394,61394,56213,55794,55769,55236
Needles,4836,4875,4896,4908,4928,4949,4967,4987,4976,4976,4928,4909,4863,4824
Nevada City,3080,3103,3095,3095,3070,3153,3145,3136,3148,3148,3148,3165,3145,3224
Newark,42628,43019,43533,44078,44640,45236,45872,47429,49149,49149,47517,46977,46722,46929
Newman,10273,10527,10580,10629,10711,10840,11065,11288,11784,11784,12391,12354,12261,12207
Newport Beach,85329,86073,86522,86877,86688,86585,86510,85740,84534,84534,85164,84404,83446,82637
Norco,27240,27366,27457,27033,26998,26307,26807,26861,26604,26604,25395,24614,24959,25398
Norwalk,105544,105903,105976,106122,106189,106237,105844,105466,103949,103949,102405,100479,99079,98078
Novato,51970,52680,53221,54142,54856,55406,55913,55701,55516,55516,53142,52988,52207,51722
Oakdale,20823,20949,21224,21457,21764,22125,22573,23026,23596,23596,23216,23282,23174,23045
Oakland,391406,396086,401104,406648,412901,418211,420947,424382,433031,433031,440943,436850,434568,436504
Oakley,35666,36596,37177,38142,39118,39708,40665,41618,42543,42543,43480,44193,44932,45761
Oceanside,168079,170008,171590,173175,174318,175189,175451,175884,175742,175742,173965,172916,171408,170020
Ojai,7482,7515,7540,7573,7593,7593,7573,7545,7470,7470,7632,7614,7525,7466
Ontario,164377,165756,166630,167096,168097,170210,172561,175334,185010,185010,175712,178272,180500,182457
Orange,137103,138539,139372,139972,139424,140503,140581,140251,138669,138669,139451,137838,138003,138337
Orange Cove,9750,10190,10205,10215,10220,10258,10272,10293,10273,10273,9645,9629,9568,9497
Orinda,17820,18124,18333,18674,18973,19251,19521,19707,19926,19926,19514,19527,19428,19364
Orland,7384,7452,7397,7442,7486,7489,7523,7622,7827,7827,8327,8324,8202,8132
Oroville,18700,18604,18640,18750,18945,18956,18996,19103,20737,20737,19995,19892,19611,19449
Oxnard,198539,199968,201105,202835,204560,206228,207455,208831,208881,208881,201911,201807,200193,198488
Pacifica,37394,37844,38335,38722,39074,39309,39267,38999,38546,38546,38514,37169,36557,36426
Pacific Grove,15081,15214,15355,15435,15495,15551,15585,15575,15413,15413,15087,15025,14866,14757
Palmdale,152936,153996,154861,156495,156770,156988,156739,156558,155079,155079,168895,165508,162975,161404
Palm Desert,48684,49251,49775,50357,50916,51552,52077,52794,53275,53275,51197,51668,51781,51951
Palm Springs,44781,45225,45716,46158,46634,47111,47577,48048,48518,48518,44660,45107,45128,45218
Palo Alto,64535,65345,66089,66613,66848,66782,67353,66960,65364,65364,68357,66827,66132,65882
Palos Verdes Estates,13435,13480,13508,13541,13548,13555,13536,13462,13273,13273,13311,13025,12799,12646
Paradise Town,26198,26085,26165,26245,26353,26378,26482,26629,4476,4476,4998,6113,7220,8285
Paramount,54104,54329,54580,54854,54914,54971,54789,54621,53955,53955,53572,52445,51599,51072
Parlier,14614,14703,14789,14882,14991,15141,15213,15283,15618,15618,14573,14567,14507,14426
Pasadena,137111,137652,138097,139292,139529,141025,141601,141757,141029,141029,138462,136290,134492,133560
Patterson,20647,20719,20827,20985,21270,21509,21824,22125,22524,22524,23823,24267,24744,25063
Perris,69000,70426,71229,72295,73485,74613,76046,77563,79291,79291,78831,79559,79836,80603
Petaluma,58037,58236,58728,59337,59753,60295,60468,60682,60520,60520,59733,59353,58794,58800
Pico Rivera,62960,63221,63430,63597,63637,63670,63438,63133,62027,62027,61881,60709,59830,59189
Piedmont,10711,10815,10946,11085,11228,11361,11401,11368,11135,11135,11258,11014,10773,10635
Pinole,18377,18528,18701,18880,19057,19232,19330,19333,19250,19250,19005,18873,18642,18481
Pismo Beach,7667,7696,7781,7856,7900,8117,8180,8220,8168,8168,8063,8063,8006,7948
Pittsburg,63522,64546,65523,66646,67974,69260,70798,72000,72588,72588,76354,75926,75528,75803
Placentia,50994,51503,51838,52105,52108,52202,52154,51916,51233,51233,52671,52225,52029,52192
Placerville,10479,10436,10445,10562,10674,10762,10810,11020,11175,11175,10729,10806,10683,10656
Pleasant Hill,33155,33420,33735,34062,34385,34700,34883,34903,34839,34839,34604,34405,34034,33802
Pleasanton,70381,71133,72098,74026,77454,79265,82330,82831,81777,81777,79665,77718,75830,74653
Plymouth,985,979,971,968,965,973,985,995,1076,1076,1079,1094,1104,1131
Point Arena,449,447,448,446,448,448,448,449,449,449,463,464,458,451
Pomona,149107,149693,150453,151072,152225,152407,152445,152468,151691,151691,150984,147109,146333,145502
Porterville,58197,58540,58708,58891,58995,59721,59699,59745,59599,59599,62831,62975,62836,62876
Port Hueneme,21726,21755,21823,22114,22049,22334,22243,22217,21926,21926,21979,21760,21427,21217
Portola,2093,2060,2014,1961,1929,1906,1927,1922,1930,1930,2091,2151,2167,2124
Portola Valley Town,4359,4410,4466,4514,4572,4603,4612,4596,4568,4568,4447,4295,4223,4204
Poway,47951,48622,48997,49377,49649,49877,49915,49802,49323,49323,48788,48526,48267,48051
Rancho Cordova,65067,65970,66725,67722,69389,70640,72162,73398,75087,75087,79628,80828,81618,82605
Rancho Cucamonga,166226,167928,169959,170815,173220,174203,175782,176921,177603,177603,174683,175359,174989,174405
Rancho Mirage,17218,17358,17474,17607,17761,17886,18053,18225,18528,18528,17036,17361,17574,17795
Rancho Palos Verdes,41692,42027,42202,42326,42368,42401,42303,42136,41530,41530,42129,41236,40515,39980
Rancho Santa Margarita,47918,48331,48588,49038,49069,49027,48828,48566,47896,47896,47869,47327,46732,46182
Red Bluff,14086,14060,14056,14022,13987,14097,14167,14265,14539,14539,14667,14588,14519,14413
Redding,89895,90180,90397,90773,91120,90963,91203,91525,92590,92590,93510,93556,92959,92727
Redlands,68807,69320,69637,69800,70209,70625,71027,71342,71513,71513,73235,73306,72886,72556
Redondo Beach,66933,67192,67438,67629,67673,67771,67809,67511,66749,66749,71339,69838,68611,67749
Redwood City,77010,77970,79188,81034,82741,85274,85293,86394,85925,85925,83887,81616,81237,80996
Reedley,24414,24768,24848,25002,25395,25541,25583,25602,25658,25658,25243,25277,25529,25958
Rialto,99329,100563,101278,101547,102031,102485,102896,103234,103526,103526,104077,104235,103853,103391
Richmond,103631,104882,106023,107083,107921,109062,109663,109860,110567,110567,116196,115785,114944,114106
Ridgecrest,27684,27904,28275,28569,28591,28616,28604,28699,28973,28973,28022,28247,28244,28088
Rio Dell,3372,3394,3364,3365,3364,3368,3399,3399,3349,3349,3386,3399,3360,3308
Rio Vista,7383,7443,7549,7712,8005,8280,8598,8952,9718,9718,10008,9993,10023,10145
Ripon,14453,14603,14724,14803,14998,15185,15551,15754,16386,16386,16116,16297,16176,16068
Riverbank,22762,23102,23225,23400,23606,23879,24271,24585,24881,24881,24876,24851,24835,25001
Riverside,305466,309472,312323,315510,317702,320483,323684,326882,331360,331360,315067,313350,318991,318858
Rocklin,57474,58426,58962,59613,60060,60908,62605,64654,68823,68823,71772,72764,73155,73472
Rohnert Park,40855,40990,41070,41325,42104,42293,42570,42697,43291,43291,44467,44548,44374,44546
Rolling Hills,1860,1867,1878,1885,1884,1882,1880,1871,1845,1845,1734,1698,1667,1644
Rolling Hills Estates,8062,8098,8145,8183,8193,8211,8203,8176,8058,8058,8263,8163,8089,8033
Rosemead,53795,54022,54215,54398,54429,54440,54332,54221,54058,54058,51043,50121,49544,49305
Roseville,119916,122725,124432,126769,128397,130018,132708,135077,141500,141500,148516,152575,155940,159135
Ross Town,2423,2442,2452,2473,2485,2482,2472,2464,2451,2451,2341,2330,2301,2290
Sacramento,467286,470902,474226,478214,482762,488133,494127,500777,513624,513624,525528,525502,525297,526384
St. Helena,5824,5859,5882,5921,5946,6026,6103,6152,6102,6102,5419,5368,5290,5272
Salinas,150887,152412,153815,154958,155717,156244,156830,156463,155465,155465,163391,162894,160720,159506
San Anselmo Town,12320,12418,12472,12586,12623,12608,12572,12523,12476,12476,12808,12767,12594,12498
San Bernardino,210637,212159,213161,213789,214222,215325,216036,216902,215784,215784,222090,220691,221111,223728
San Bruno,41145,41558,42126,42593,42992,43243,43196,43207,42807,42807,43746,42275,41579,41327
San Buenaventura (Ventura),107435,108306,109002,109339,109535,109668,109893,110093,109106,109106,110620,110019,108900,109058
San Carlos,28417,28750,29122,29426,29723,29901,29894,30393,30185,30185,30638,29622,29098,28862
San Clemente,63605,64255,64612,64845,64947,65142,65185,64973,64558,64558,64213,63634,62933,62313
Sand City,335,337,340,343,377,378,381,384,399,399,325,329,327,328
San Diego,1305906,1319592,1336776,1355320,1375831,1387323,1402089,1412621,1423851,1423851,1386292,1376142,1387378,1388320
San Dimas,33377,33509,33637,33745,34319,34344,34236,34128,33621,33621,34797,34095,33527,33105
San Fernando,23643,23742,23777,24088,24399,24708,24630,24562,24322,24322,23946,23688,23482,23364
San Francisco,805505,815650,828876,839572,850750,863010,871512,878040,881549,881549,870518,811935,807774,808988
San Gabriel,39647,39810,39944,40033,40053,40089,40276,40262,39899,39899,39464,38667,38067,37732
Sanger,24298,24444,24504,24575,24661,24802,24944,25065,25339,25339,26640,26622,26451,26343
San Jacinto,44417,44953,45364,45829,46231,46645,47319,48088,49215,49215,54197,55328,55447,55440
San Joaquin,3995,3993,3996,4005,4004,4013,4020,4026,4021,4021,3749,3737,3707,3679
San Jose,954940,970369,983530,1001279,1014273,1025980,1030242,1032335,1021795,1021795,1009319,981214,972082,969655
San Juan Bautista,1850,1861,1879,1897,1906,1926,1956,1964,2104,2104,2090,2121,2113,2106
San Juan Capistrano,34483,34862,35096,35525,35779,35935,35941,35882,35911,35911,35159,34918,34775,34754
San Leandro,85119,85921,86976,88074,89195,90538,90706,90418,88815,88815,90724,88373,86521,85784
San Luis Obispo,45156,45346,45728,46236,46478,47016,47313,47344,47459,47459,47191,47905,48494,49244
San Marcos,83926,85001,86816,89423,92372,93199,94932,95614,96664,96664,94849,93263,93895,94188
San Marino,13104,13155,13192,13235,13263,13308,13291,13244,13048,13048,12474,12254,12088,11977
San Mateo,97383,98518,99816,101323,102695,103509,104357,104389,104430,104430,105656,102913,101567,101327
San Pablo,29474,29517,29800,30083,30365,30724,30999,31077,30990,30990,32089,31883,31514,31249
San Rafael,57797,58232,58448,58995,59130,59074,58918,58801,58440,58440,61137,60914,60084,59555
San Ramon,71585,72174,72850,73560,74329,75138,75703,75795,75995,75995,86377,86249,85490,84929
Santa Ana,325327,328227,330550,333716,333431,333417,333765,332627,332318,332318,311244,311166,310648,310539
Santa Barbara,88468,88605,89285,90082,90815,91275,91518,91517,91364,91364,88762,88250,87316,86499
Santa Clara,116761,117836,119337,120486,121967,126024,126429,126709,130365,130365,128588,128496,128859,131062
Santa Clarita,208822,209843,210672,211376,212283,213184,213526,213734,212979,212979,232406,229753,227123,224028
Santa Cruz,60578,61434,61954,62731,63172,64082,64396,64815,64608,64608,62941,55003,61709,61501
Santa Fe Springs,16255,16493,16711,16983,17359,17859,17955,17866,17630,17630,19144,18934,19345,20174
Santa Maria,99689,100293,101116,102057,103021,104462,105811,106298,107263,107263,109782,110106,110088,109987
Santa Monica,89759,90476,91327,92050,92087,92422,92176,91747,90401,90401,92913,91311,90216,89922
Santa Paula,29325,29754,29919,30099,30348,30336,30243,30143,29806,29806,30773,31170,31414,31792
Santa Rosa,175238,176243,177093,178684,180585,181485,181909,181596,176753,176753,177959,177412,176078,175845
Santee,53640,54523,55381,56151,56828,57471,57678,57825,58081,58081,59864,59176,59172,59478
Saratoga,30078,30353,30685,30957,31008,30977,30945,30818,30153,30153,30913,30112,29727,29607
Sausalito,6959,7018,7047,7115,7159,7157,7136,7108,7068,7068,7254,7224,7104,7021
Scotts Valley,11581,11621,11653,11743,11828,11907,11910,11891,11757,11757,12228,12181,12020,11879
Seal Beach,24109,24320,24456,24537,24506,24475,24400,24209,23896,23896,25190,24933,24636,24352
Seaside,33094,33329,33731,33929,33945,34255,34198,33872,33748,33748,32335,32037,31488,31317
Sebastopol,7474,7537,7584,7656,7706,7731,7742,7716,7674,7674,7515,7499,7435,7380
Selma,23459,23570,23886,24259,24325,24440,24683,24695,24825,24825,24672,24636,24527,24467
Shafter,17160,17440,17194,17273,17612,18367,18985,19472,20401,20401,20067,20249,21015,21915
Shasta Lake,10145,10101,10097,10108,10112,10094,10107,10165,10413,10413,10363,10382,10307,10262
Sierra Madre,10917,10959,10995,11028,11056,11065,11022,10968,10793,10793,11236,11007,10833,10713
Signal Hill,11018,11058,11142,11288,11420,11466,11602,11551,11421,11421,11811,11566,11379,11249
Simi Valley,124463,125019,125274,125868,126239,126123,125958,126107,125613,125613,126343,125807,124849,125113
Solana Beach,12898,13013,13112,13219,13283,13374,13400,13377,13296,13296,12927,12820,12721,12675
Soledad,26027,26391,26459,25772,25239,24882,25594,26154,25999,25999,24683,24639,24058,23947
Solvang,5236,5259,5306,5355,5468,5680,5749,5865,5838,5838,6112,6050,5993,5970
Sonoma,10668,10707,10805,10872,10968,11009,11047,11070,11024,11024,10729,10759,10701,10619
Sonora,4899,4867,4819,4814,4807,4812,4820,4835,4864,4864,5001,5019,4968,4917
South El Monte,20100,20187,20261,20341,20351,20688,20818,20865,20574,20574,19553,19419,19254,19032
South Gate,94434,94591,94577,94674,94741,95597,95245,94848,93444,93444,92660,91881,91055,90070
South Lake Tahoe,21410,21376,21292,21360,21512,21722,21761,21943,22197,22197,21304,21447,21234,21079
South Pasadena,25607,25701,25798,25872,25897,25914,25826,25707,25329,25329,26845,26269,25860,25623
South San Francisco,63701,64448,65581,66237,66813,67221,67220,67180,67789,67789,65902,63816,63073,63123
Stanton,37900,38231,38374,38550,38504,38655,38627,38382,38139,38139,38097,38793,39100,38815
Stockton,292888,295363,297045,297493,301062,304550,307158,310143,312697,312697,320976,322004,320831,319543
Suisun City,28098,28267,28463,28670,29064,29265,29362,29477,29663,29663,29478,29261,28939,28743
Sunnyvale,140462,143805,146436,148055,149769,151630,153544,153217,152703,152703,155250,152477,151682,151967
Susanville,17725,17273,16606,15519,15505,15209,14786,15239,15010,15010,16426,15453,13762,12689
Sutter Creek,2519,2501,2479,2469,2480,2503,2533,2572,2622,2622,2656,2701,2707,2718
Taft,9285,9285,8922,8926,8887,9466,9357,9386,9272,9272,7471,7041,6996,6961
Tehachapi,14367,14332,13827,13289,13227,13004,12471,12565,13011,13011,12982,12302,12393,10881
Tehama,419,418,417,415,414,417,418,421,373,373,433,430,428,424
Temecula,100703,102640,104295,106073,108671,111140,112402,113987,114761,114761,110094,111026,110860,110682
Temple City,35556,35721,35860,35910,35922,36059,36250,36152,35811,35811,36383,35726,35213,34854
Thousand Oaks,126732,127325,127657,128224,128636,128632,128480,128229,126813,126813,126824,126118,124529,123463
Tiburon Town,8957,9033,9072,9161,9194,9190,9158,9126,9084,9084,9138,9092,8944,8846
Torrance,145154,145769,146257,146671,146845,146950,146416,145781,143592,143592,146442,143322,140901,139224
Tracy,83620,84302,84727,84872,85713,86953,89181,90701,94740,94740,93620,95564,96783,98010
Trinidad,369,368,363,361,358,357,361,361,355,355,336,334,330,325
Truckee Town,16167,16151,16083,16085,16238,16266,16350,16482,16735,16735,16766,17147,17075,17039
Tulare,59432,59789,60625,60905,61444,61915,62538,63486,65496,65496,69333,70504,70718,71092
Tulelake,1009,1003,993,985,986,987,986,986,978,978,900,900,886,867
Turlock,68848,69251,69719,70261,70868,71776,72578,73241,73631,73631,72747,72236,72192,72100
Tustin,75472,76227,77575,78122,80138,80088,80245,80121,79348,79348,79902,79224,78393,77704
Twentynine Palms,25101,25362,25607,25686,25751,25871,25941,26478,26073,26073,28067,29141,29895,28734
Ukiah,16024,15919,15909,15854,15873,15831,15828,15956,15995,15995,16553,16580,16295,16072
Union City,69630,70597,71642,72552,73481,74343,75465,75227,74107,74107,69927,68125,66463,65414
Upland,73884,74465,74933,75188,75542,75970,76374,76778,77140,77140,79046,79290,79120,78699
Vacaville,92557,93225,93660,94023,95394,96224,97994,99604,100670,100670,102092,101927,101956,102526
Vallejo,116137,116709,117599,118550,119602,120477,120949,121546,121692,121692,125894,124777,123686,122807
Vernon,112,112,113,113,113,113,113,112,110,110,220,215,211,209
Victorville,116278,117891,119831,120697,121087,121442,121725,121988,122385,122385,134638,136078,137430,138869
Villa Park,5830,5882,5913,5940,5933,5928,5907,5867,5790,5790,5827,5761,5703,5664
Visalia,124869,125649,126420,127309,128482,129369,130662,132388,134605,134605,141771,142862,143714,144998
Vista,93401,94355,95307,96211,96999,99623,100746,100740,101638,101638,98508,98942,98881,98344
Walnut,29203,29471,29842,29919,29940,29990,29925,30015,29685,29685,28348,27770,27354,27104
Walnut Creek,64314,64827,65529,66812,67500,68747,69235,69645,70166,70166,70196,70021,69369,69152
Wasco,25683,25845,25471,25909,26201,26161,26322,26855,28710,28710,25376,26222,27088,26917
Waterford,8468,8498,8541,8579,8679,8744,8823,8898,8962,8962,9135,9122,9160,9323
Watsonville,51278,51593,51887,52412,52959,53528,53774,53919,53856,53856,52482,52081,51438,50867
Weed,2981,2980,2938,2884,2712,2542,2643,2705,2725,2725,2856,2795,2737,2574
West Covina,106123,106721,107082,107348,107447,107540,107437,106942,105101,105101,109153,106899,105703,105617
West Hollywood,34359,34501,34631,35101,35475,35856,36510,36796,36475,36475,35646,35002,34591,34349
Westlake Village,8305,8350,8401,8446,8452,8457,8428,8392,8217,8217,7997,7825,7684,7573
Westminster,89772,90710,91223,91624,91555,91582,91510,91176,90643,90643,90871,90297,89497,88729
Westmorland,2234,2253,2255,2256,2263,2258,2267,2272,2254,2254,2015,2006,1991,1981
West Sacramento,48842,49106,49528,49978,51637,52431,52933,53304,53519,53519,53815,53977,54882,55842
Wheatland,3514,3518,3524,3508,3508,3728,3763,3819,3873,3873,3716,3724,3820,4022
Whittier,85319,85633,85968,86326,86482,86705,86600,86326,85098,85098,87081,85847,84940,84143
Wildomar,32416,32908,33230,33639,35111,35317,35920,36697,37229,37229,36913,37138,37057,37087
Williams,5110,5105,5107,5125,5098,5106,5145,5265,5408,5408,5544,5574,5585,5617
Willits,4922,4881,4874,4859,4862,4867,4885,4898,4890,4890,4979,4986,4908,4843
Willows,6148,6138,6084,6064,6064,6011,6018,6005,6072,6072,6273,6280,6226,6160
Windsor Town,26811,26882,26994,27157,27280,27373,27493,27431,27128,27128,26340,26260,26005,25828
Winters,6621,6832,6868,6894,6922,7006,7139,7251,7315,7315,7195,7485,7646,7694
Woodlake,7317,7327,7355,7600,7629,7625,7614,7629,7658,7658,7487,7668,7764,7846
Woodland,55615,55786,56272,56713,57328,58385,59098,59923,60548,60548,60969,61434,61791,61123
Woodside Town,5291,5353,5412,5471,5521,5555,5570,5547,5458,5458,5291,5121,5048,5037
Yorba Linda,64390,65610,66282,66803,67359,67527,68033,67895,67644,67644,68223,67568,66816,66147
Yountville,2927,2938,2944,2954,2971,2992,2992,2977,2966,2966,3428,3410,3373,3356
Yreka,7789,7743,7646,7546,7533,7539,7545,7557,7518,7518,7795,7873,7867,7808
Yuba City,65631,65364,65283,65538,65757,66134,66218,66564,67010,67010,70084,69735,69223,68666
Yucaipa,51474,51954,52280,52546,52730,52981,53186,53496,53921,53921,54589,54574,54217,53947
Yucca Valley Town,20695,20867,20991,21044,21304,21431,21538,21650,21777,21777,21766,21829,21749,21664
